Average of ride_length,Column Labels,,,,,,,
Row Labels,1,2,3,4,5,6,7,Grand Total
casual,0.040888996,0.043266142,0.058632879,0.043904407,0.052017562,0.076776782,0.050464158,0.050743498
member,0.018564127,0.012364194,0.015083634,0.011321281,0.01388709,0.012760207,0.018002306,0.014907672
Grand Total,0.026632981,0.020074582,0.027509767,0.018044961,0.021833789,0.028873485,0.028231184,0.024895509
